Employee ID,Name,age,salary
EMP001,Atharv Reddy,59,119135
EMP002,Aditya Patel,49,157478
EMP003,Noah Harris,35,65222
EMP004,Ethan Gupta,28,107373
EMP005,Sara Jones,41,153684
EMP006,Diya Martinez,59,40965
EMP007,Rohan Taylor,39,54538
EMP008,Alice King,43,138066
EMP009,Ishaan Reddy,31,143252
EMP010,Chloe Wilson,31,169182
EMP011,Benjamin Lewis,44,128806
EMP012,Aditya Walker,56,167982
EMP013,Aditya Anderson,60,140989
EMP014,Ishaan King,44,120982
EMP015,Navya Perez,23,151626
EMP016,Riya Patel,42,149176
EMP017,Daniel Taylor,22,161278
EMP018,Zara Garcia,44,152409
EMP019,Aditya Nair,50,53419
EMP020,Olivia Phillips,58,80015
EMP021,Anika Jones,22,152096
EMP022,Alice Allen,41,137059
EMP023,Benjamin Wilson,53,140687
EMP024,Sara Patel,32,117939
EMP025,Harper Green,42,179213
EMP026,Chloe Brown,45,135878
EMP027,Noah Green,47,92623
EMP028,Aarav Harris,48,105450
EMP029,Myra Gupta,36,123426
EMP030,Benjamin Young,35,147845
EMP031,Mia Carter,23,73585
EMP032,Noah Hill,57,139225
EMP033,Isha Torres,27,94044
EMP034,Navya Young,41,139556
EMP035,Mia Lewis,29,32693
EMP036,Rohan Wilson,59,125259
EMP037,Ishaan Robinson,38,55939
EMP038,Lucas Reddy,24,48047
EMP039,Ishaan Roberts,45,56105
EMP040,Amelia Thompson,34,105766
EMP041,Sophia Nair,29,176779
EMP042,Zara Anderson,46,74262
EMP043,Liam King,22,155117
EMP044,Vihaan Clark,40,53776
EMP045,Evelyn Young,48,158376
EMP046,Samuel Roberts,27,167848
EMP047,Ananya Johnson,28,122787
EMP048,Lucas Sharma,55,157948
EMP049,Krishna Anderson,34,85016
EMP050,Olivia Johnson,37,170546
EMP051,Logan Sharma,56,51959
EMP052,Amelia Young,60,166602
EMP053,Grace Jones,24,149101
EMP054,Pari Nguyen,22,33748
EMP055,Sai Wright,26,43545
EMP056,Vihaan Nguyen,24,157659
EMP057,Sara King,49,103530
EMP058,Mason Scott,38,123557
EMP059,Krishna Harris,46,91087
EMP060,Riya Gupta,54,98840
EMP061,Rohan Brown,30,148451
EMP062,Evelyn Chowdhury,56,81005
EMP063,Amelia Mitchell,34,69353
EMP064,Myra Miller,51,82733
EMP065,Oliver Miller,35,95318
EMP066,Amelia Menon,28,97172
EMP067,Navya Nair,34,123264
EMP068,Liam Carter,43,56736
EMP069,Sai Nelson,60,142859
EMP070,Zara Perez,41,142181
EMP071,Aadhya Sharma,36,161926
EMP072,Samuel Nguyen,38,120084
EMP073,Ethan Patel,44,37392
EMP074,Myra Taylor,46,85680
EMP075,Evelyn Carter,45,80859
EMP076,Lucas Iyer,49,155657
EMP077,Noah Menon,35,100467
EMP078,Olivia Young,21,128506
EMP079,Navya Campbell,45,139751
EMP080,Emma Lewis,27,148906
EMP081,Arjun Robinson,29,173760
EMP082,Sara Hill,44,55342
EMP083,Aditya Young,21,136308
EMP084,Ava Nelson,28,136081
EMP085,Elijah Carter,44,119045
EMP086,Liam Roberts,31,64698
EMP087,Sai Martinez,37,140078
EMP088,Navya Jones,28,110623
EMP089,Hannah Thomas,55,52671
EMP090,Ava Hill,55,123384
EMP091,Navya Thompson,53,116202
EMP092,David Mitchell,25,81663
EMP093,Elijah Thompson,59,45708
EMP094,Evelyn Robinson,48,121906
EMP095,Diya Scott,27,79811
EMP096,Liam Wright,29,163883
EMP097,Ethan Smith,28,86250
EMP098,Olivia Campbell,32,142547
EMP099,Alice Chowdhury,54,154249
EMP100,Liam Harris,53,64754
